"STUDENTS.Student","STUDENTS.LID","STUDENTS.SID","STUDENTS.School","STUDENTS.Grade","STUDENTS.Gender","STUDENTS.Track","STUDENTS.Ethnicity","STUDENTS.Course_Dept","STUDENTS.Course","STUDENTS.Course_Number","STUDENTS.Section","STUDENTS.Exp","STUDENTS.Term","STUDENTS.Room","STUDENTS.Teacher","STUDENTS.Teacher_Number"
"Chasnov, Joshua Jiehua","1005914","","SS","12","M","","","StudentAff","12 Advisory","601","2","F(A1-B4)","YR","711","Ignacio, Jaime","jignacio"
"Chasnov, Joshua Jiehua","1005914","","SS","12","M","","","Chinese","12 Chinese B SL","2603","2","1(A4) 2(A1) 3(A2) 4(A3)","YR","616","Jin, Lifan","ljin"
"Chasnov, Joshua Jiehua","1005914","","SS","12","M","","","CompSci","12 Computer Science HL","6671","3","1(B4) 2(B1,A3) 3(B2) 4(B3)","YR","513","Lagos, Edwin","elagos"
"Chasnov, Joshua Jiehua","1005914","","SS","12","M","","","Humanities","12 Economics SL","3652","3","1(A3) 2(A4) 3(A1) 4(A2)","YR","624","Lanyon, David","dlanyon"
"Chasnov, Joshua Jiehua","1005914","","SS","12","M","","","English","12 English Language & Literature SL","1604","2","1(A1) 2(A2) 3(A3) 4(A4)","YR","624","Philipps, Michael","mphilipps"
"Chasnov, Joshua Jiehua","1005914","","SS","12","M","","","Math","12 Mathematics AA HL","5606","3","1(B1-A2) 2(B2) 3(B3) 4(B4)","YR","225","Odunlami, Adedeji","aodunlami"
"Chasnov, Joshua Jiehua","1005914","","SS","12","M","","","Science","12 Physics HL","4611","3","1(B3) 2(B4) 3(B1,A4) 4(B2)","YR","507","Mumm, Andrew C.","amumm"
"Chasnov, Joshua Jiehua","1005914","","SS","12","M","","","None","12 Theory of Knowledge","9601","5","1(B2) 4(A1)","YR","511","Kalsi, Maninder","mkalsi"
"Okita, Stephen","1004244","","SS","12","M","","","StudentAff","12 Advisory","601","3","F(A1-B4)","YR","624","Chadwick, Jenny","jchad"
"Okita, Stephen","1004244","","SS","12","M","","","Chinese","12 Chinese B HL","2602","1","1(A4) 2(A1) 3(A2) 4(B1,A3)","YR","512","Li, Suling","sli"
"Okita, Stephen","1004244","","SS","12","M","","","CompSci","12 Computer Science HL","6671","3","1(B4) 2(B1,A3) 3(B2) 4(B3)","YR","513","Lagos, Edwin","elagos"
"Okita, Stephen","1004244","","SS","12","M","","","English","12 English Language & Literature SL","1604","2","1(A1) 2(A2) 3(A3) 4(A4)","YR","624","Philipps, Michael","mphilipps"
"Okita, Stephen","1004244","","SS","12","M","","","Math","12 Mathematics AI SL","5609","3","1(B1) 2(B2) 3(B3) 4(B4)","YR","423","Stahlberg, Heidi","hstahlberg"
"Okita, Stephen","1004244","","SS","12","M","","","Science","12 Physics HL","4611","1","1(A3) 2(A4) 3(A1,B4) 4(A2)","YR","507","Mumm, Andrew C.","amumm"
"Okita, Stephen","1004244","","SS","12","M","","","Humanities","12 Psychology SL","3632","1","1(B3) 2(B4) 3(B1) 4(B2)","YR","722","Tomochko, Nathan","ntomochko"
"Okita, Stephen","1004244","","SS","12","M","","","None","12 Theory of Knowledge","9601","2","1(B2) 4(A1)","YR","226","Philipps, Michael","mphilipps"
